Network_id,Network Name,City,Country,Location_Latitude,Location_Longitude,Station Count,Country Name
abu-dhabi-careem-bike,Abu Dhabi Careem BIKE,Abu Dhabi,AE,24.4866,54.3728,23,United Arab Emirates
acces-velo-saguenay,Accès Vélo,Saguenay,CA,48.433333,-71.083333,14,Canada
aksu,Aksu,阿克苏市 (Aksu City),CN,41.1664,80.2617,77,China
alba,Alba,Alba,IT,44.716667,8.083333,9,Italy
albabici,AlbaBici,Albacete,ES,38.9943,-1.8602,31,Spain
algira,AlGira,Almeirim,PT,39.2082,-8.6252,9,Portugal
almatybike,Almatybike,Almaty,KZ,43.239101,76.9268076,180,Kazakhstan
alsa-nextbike-leon,Alsa nextbike León,León,ES,42.5987263,-5.5670959,49,Spain
ambici-amb,Ambici,Barcelona,ES,41.44584,2.19902,6,Spain
ambici-badalona,Ambici,Badalona,ES,41.447,2.245,31,Spain
ambici-castelldefels,Ambici,Castelldefels,ES,41.2816,1.97678,13,Spain
ambici-cornella-de-llobregat,Ambici,Cornellà de Llobregat,ES,41.3585,2.07081,15,Spain
ambici-el-prat-de-llobregat,Ambici,El Prat de Llobregat,ES,41.3239,2.09317,14,Spain
ambici-esplugues-de-llobregat,Ambici,Esplugues de Llobregat,ES,41.3771,2.08938,11,Spain
ambici-gava,Ambici,Gavà,ES,41.303,2.00269,14,Spain
ambici-hospitalet-de-llobregat,Ambici,Hospitalet de Llobregat,ES,41.3631,2.1126,30,Spain
ambici-molins-de-rei,Ambici,Molins de Rei,ES,41.4132,2.02037,6,Spain
ambici-sant-adria-de-besos,Ambici,Sant Adrià de Besòs,ES,41.43073,2.21855,2,Spain
ambici-sant-boi-de-llobregat,Ambici,Sant Boi de Llobregat,ES,41.3458,2.03404,13,Spain
ambici-sant-feliu-de-llobregat,Ambici,Sant Feliu de Llobregat,ES,41.38333,2.05,13,Spain
ambici-sant-joan-despi,Ambici,Sant Joan Despí,ES,41.368,2.05635,9,Spain
ambici-sant-just-desvern,Ambici,Sant Just Desvern,ES,41.3807,2.07496,9,Spain
ambici-santa-coloma-de-gramenet,Ambici,Santa Coloma de Gramenet,ES,41.4459,2.21033,15,Spain
ambici-viladecans,Ambici,Viladecans,ES,41.3165,2.01306,17,Spain
andria,Andria in Bici,Andria,IT,41.224346932834,16.296983922753956,12,Italy
aral,Aral,阿拉尔市 (Aral),CN,40.5577,81.2879,32,China
arbike,ARbike,Arezzo,IT,43.473333,11.87,8,Italy
arriva-nitra,Arriva,Nitra,SK,48.3088,18.0783,37,Slovakia
arval-scandicci,ARVAL,Scandicci,IT,43.7701,11.1592,1,Italy
ascoli-piceno,Ascoli Piceno,Ascoli Piceno,IT,42.85,13.583333,5,Italy
athens-bikes,AthensBikes,Athens,GR,37.9838,23.7275,1,Greece
auxrmlevelo,AuxR_M le vélo,Auxerre,FR,47.797221,3.572376,53,France
avelo-quebec,àVélo,Québec,CA,46.81305,-71.2168,152,Canada
aventura,Aventura BCycle,"Aventura, FL",US,25.95711,-80.1395,5,United States
aviles-en-bici,Avilés en Bici,Avilés,ES,43.5554,-5.9222,16,Spain
aw-bike,AW-bike Ahrweiler,Ahrweiler,DE,50.5452,7.1212,18,Germany
baksi-antalya,Baksi,Antalya,TR,36.862048,30.638866,10,Turkey
baksi-cabis,Çabis,Çanakkale,TR,40.1531,26.4146,21,Turkey
baksi-nilesplit,Nilesplit,Nilüfer,TR,40.2127,28.9627,37,Turkey
batumvelo,Batumvelo,Batumi,GE,41.660906,41.678835,0,Georgia
bay-wheels,Bay Wheels,"San Francisco Bay Area, CA",US,37.7141454,-122.25,569,United States
bealler,Pedaleando por Aller (BeALLER),Aller,ES,43.1482,-5.6295,3,Spain
belfastbikes-belfast,BelfastBikes,Belfast,GB,54.5969,-5.92918,60,United Kingdom
bentonville,Bentonville BCycle,"Bentonville, AR",US,36.3605,-94.1996,23,United States
bergen-bysykkel,Bysykkel,Bergen,NO,60.391263,5.322054,108,Norway
bergisches-e-bike,Bergisches e-Bike,Bergisches e-Bike,DE,51.0192,7.18025,56,Germany
beryl-bcp,"Beryl - Bournemouth, Christchurch and Poole","Bournemouth, Christchurch and Poole",GB,50.7196,-1.8734,467,United Kingdom
beryl-brighton,Beryl - Brighton,Brighton,GB,50.8222,-0.1403,109,United Kingdom
beryl-cornwall,Beryl - Cornwall,Cornwall,GB,50.2616,-5.051,105,United Kingdom
beryl-dorchester-weymouth-portland,"Beryl - Dorchester, Weymouth and Portland","Dorchester, Weymouth and Portland",GB,50.6085,-2.454,31,United Kingdom
beryl-eastleigh,Beryl - Eastleigh,Eastleigh,GB,50.9691,-1.3603,10,United Kingdom
beryl-greater-manchester,Beryl - Greater Manchester,Greater Manchester,GB,53.4795,-2.2436,284,United Kingdom
beryl-guildford,Beryl - Guildford,Guildford,GB,51.2397,-0.5764,33,United Kingdom
beryl-hereford,Beryl - Hereford,Hereford,GB,52.0549,-2.7156,74,United Kingdom
beryl-hertsmere,Beryl - Hertsmere,Hertsmere,GB,51.6577,-0.2695,27,United Kingdom
beryl-leeds,Beryl - Leeds,Leeds,GB,53.7971,-1.5438,94,United Kingdom
beryl-norwich,Beryl - Norwich,Norwich,GB,52.6288,1.2934,192,United Kingdom
beryl-plymouth,Beryl - Plymouth,Plymouth,GB,50.3714,-4.1421,134,United Kingdom
beryl-stevenage,Beryl - Stevenage,Stevenage,GB,51.9059,-0.1905,45,United Kingdom
beryl-watford,Beryl - Watford,Watford,GB,51.6556,-0.3953,95,United Kingdom
beryl-west-midlands,Beryl - West Midlands,West Midlands,GB,52.4798,-1.9014,425,United Kingdom
beryl-worcester,Beryl - Worcester,Worcester,GB,52.1912,-2.2206,51,United Kingdom
bia,BIA,Ovar,PT,40.8599,-8.6246,5,Portugal
bianzone-in-bici,Bianzone in Bici,Bianzone,IT,46.188197,10.109354,1,Italy
biba,BiBa,Badajoz,ES,38.878,-6.9701,29,Spain
bibo,BIBO,Boadilla del Monte,ES,40.4125,-3.8909,10,Spain
bici-bolzano,Bici Bolzano,Bolzano,IT,46.49,11.3401,16,Italy
bici-co,BICI&CO,Como,IT,45.8080597,9.0851765,17,Italy
bici-ferrol-terra,BiciFerrolTerra,Ferrol - Narón,ES,43.4896,-8.2193,18,Spain
bici-in-busto,Bici in Busto,Busto Arsizio,IT,45.610555,8.852062,9,Italy
bici-perugia,Bici Perugia,Perugia,IT,43.1107168,12.3908279,14,Italy
bicialcazar,BiciAlcázar,Alcázar de San Juan,ES,39.3901,-3.2101,2,Spain
biciarousa,BiciArousa,A Illa de Arousa,ES,42.5521,-8.8666,3,Spain
biciarteixo,biciArteixo,Arteixo,ES,43.3053,-8.5069,8,Spain
bicibur,BiciBur,Burgos,ES,42.34392,-3.69697,25,Spain
bicicas,Bicicas,Castelló de la Plana,ES,39.9856,-0.0389,62,Spain
bicicletar,Bicicletar,Fortaleza,BR,-3.7321944,-38.510347,246,Brazil
bicicorunha,Bicicoruña,A Coruña,ES,43.3623,-8.4115,49,Spain
bicicuenca,Bici Pública Cuenca,Cuenca,EC,-2.897,-79.0038,20,Ecuador
bicielx,Bicielx,Elx,ES,38.2665,-0.7,112,Spain
bicikelj,Bicikelj,Ljubljana,SI,46.05645089999999,14.5080702,86,Slovenia
bicilog,BiciLog,Logroño,ES,42.4658,-2.4402,30,Spain
bicimad,BiciMAD,Madrid,ES,40.4168,-3.7038,629,Spain
bicimia,bicimia,Brescia,IT,45.5378,10.2173,97,Italy
bicimislata,BiciMislata,Mislata,ES,39.4763,-0.4182,13,Spain
bicincitta-acquarica-del-capo,Bicincittà,Acquarica del Capo,IT,39.9144573,18.2450324,4,Italy
bicincitta-acquaviva-delle-fonti,Bicincittà,Acquaviva delle fonti,IT,40.9303721,16.8414374,6,Italy
bicincitta-alghero,Bicincittà,Alghero,IT,40.5579517,8.319294900000001,5,Italy
bicincitta-assemini,Bicincittà,Assemini,IT,39.28956306007679,9.006601555294765,8,Italy
bicincitta-borgarello,Bicincittà,Borgarello,IT,45.23963753440171,9.136150475640875,2,Italy
bicincitta-brancaleone,Bicincittà,Brancaleone,IT,37.9679084,16.0757749,5,Italy
bicincitta-carrara,Bicincittà,Carrara,IT,44.07731805550891,10.097172450401331,3,Italy
bicincitta-casaletto-spartano,Bicincittà,Casaletto Spartano,IT,40.1532801,15.6211479,2,Italy
bicincitta-castel-guelfo-the-style-outlets,Bicincittà,Castel Guelfo di Bologna,IT,44.4328527,11.6750857,1,Italy
bicincitta-cesena,Mi Muovo in bici,Cesena,IT,44.1396438,12.2464292,5,Italy
bicincitta-cisterna-di-latina,Bicincittà,Cisterna di Latina,IT,41.5754029,12.8284772,5,Italy
bicincitta-costa-blu,Costa Blu,Montesilvano,IT,42.5009,14.1282,11,Italy
bicincitta-elmas,Bicincittà,Elmas,IT,39.2634329,9.0515805,2,Italy
bicincitta-ente-parco-del-circeo,Bicincittà,Parco Nazionale del Circeo,IT,41.3151015,13.0330782,4,Italy
bicincitta-ente-parco-di-montemarcello-magra,Bicincittà,Ente Parco Montemarcello Magra,IT,44.1143897,9.9635986,10,Italy
bicincitta-ente-parco-san-rossore,Bicincittà,Parco naturale Migliarino San Rossore Massaciuccoli,IT,43.723826,10.339509,5,Italy
bicincitta-forli,Mi Muovo in Bici,Forlì,IT,44.2227398,12.0407312,14,Italy
bicincitta-gaeta,Bicincittà,Gaeta,IT,41.209620965538036,13.584335125656139,4,Italy
bicincitta-gallipoli,Bicincittà,Gallipoli,IT,40.0558554,17.9925085,1,Italy
bicincitta-imola,Mi Muovo in bici,Imola,IT,44.3559128,11.7161197,10,Italy
bicincitta-lavis,Bicincittà,Lavis,IT,46.1408423,11.1124935,3,Italy
bicincitta-livorno,Bicincittà,Livorno,IT,43.548473,10.3105674,9,Italy
bicincitta-mantova,Bicincittà,Mantova,IT,45.15866370764634,10.783718973016335,8,Italy
bicincitta-massa,Bici in Massa,Massa,IT,44.0146,10.1017,6,Italy
bicincitta-mezzocorona,Bicincittà,Mezzocorona,IT,46.2339047,11.1277461,3,Italy
bicincitta-mezzolombardo,Bicincittà,Mezzolombardo,IT,46.21400260000001,11.0967867,3,Italy
bicincitta-modena,Mi Muovo in bici,Modena,IT,44.647128,10.9252269,3,Italy
bicincitta-monserrato,Bicincittà,Monserrato,IT,39.2560191,9.1453579,2,Italy
bicincitta-montecatini-terme,Bicincittà,Montecatini Terme,IT,43.88362791665083,10.764385656591799,11,Italy
bicincitta-monteriggioni,Sipedala,Monteriggioni,IT,43.3896,11.2236,3,Italy
bicincitta-monza,Bicincittà,Monza,IT,45.5845001,9.2744485,22,Italy
bicincitta-morigerati,Bicincittà,Morigerati,IT,40.1422031,15.5298525,2,Italy
bicincitta-parco-dei-colli-di-bergamo,Bicincittà,Parco dei Colli di Bergamo,IT,45.72295637032245,9.649230073016383,1,Italy
bicincitta-parco-molentargius-saline,Bicincittà,Parco Naturale Molentargius - Saline,IT,39.2052545,9.146761099999999,3,Italy
bicincitta-pista,PisTA!,Taranto,IT,40.4351,17.2096,5,Italy
bicincitta-pizzighettone-formigara,Bicincittà,Pizzighettone e Formigara,IT,45.186748819167434,9.778087948479424,2,Italy
bicincitta-porto-torres,Bicincittà,Porto Torres,IT,40.8333682,8.402292899999999,1,Italy
bicincitta-rivarolo-canavese,Bicincittà,Rivarolo Canavese,IT,45.306633,7.723242,3,Italy
bicincitta-san-donato-milanese,Bicincittà,San Donato Milanese,IT,45.4092402,9.2684867,13,Italy
bicincitta-san-giovanni-in-persiceto,Mi Muovo in Bici,San Giovanni in Persiceto,IT,44.6405433,11.1893053,2,Italy
bicincitta-san-lazzaro-di-savena,Mi Muovo in Bici,San Lazzaro di Savena,IT,44.4702725,11.409399,2,Italy
bicincitta-san-michele-alladige,Bicincittà,San Michele All'adige,IT,46.1878653,11.1330423,2,Italy
bicincitta-san-teodoro,Bicincittà,San Teodoro,IT,40.7722837,9.6695458,1,Italy
bicincitta-scafati,Bicincittà,Scafati,IT,40.7620174,14.5363969,3,Italy
bicincitta-scandiano,Mi Muovo in Bici,Scandiano,IT,44.5982342,10.6909273,5,Italy
bicincitta-selargius,Bicincittà,Selargius,IT,39.2596768,9.1629372,2,Italy
bicincitta-siena,Bicincittà,Siena,IT,43.3186,11.3306,19,Italy
bicincitta-tivat,Bicincittà,TV,ME,42.4349809,18.7066398,6,Montenegro
bicincitta-tortoli,Bicincittà,Tortolì,IT,39.92664489852196,9.654953570777934,2,Italy
bicincitta-treviglio,Bicincittà,Treviglio,IT,45.5293372,9.591435899999999,2,Italy
bicincitta-trieste,BiTS,Trieste,IT,45.6495,13.7768,24,Italy
bicincitta-vicolungo-the-style-outlets,Bicincittà,Vicolungo,IT,45.47167229999999,8.4633922,1,Italy
bicing,Bicing,Barcelona,ES,41.3850639,2.1734035,514,Spain
bicinquartucciu,BicinQuartucciu,Quartucciu,IT,39.25043149806156,9.179296426489255,2,Italy
bicinrivas,BiciNRivas,Rivas-Vaciamadrid,ES,40.35353,-3.53095,34,Spain
bicipalma,Bicipalma,Palma,ES,39.57119,2.646634,90,Spain
bicisanvi,Bicisanvi,Sant Vicent del Raspeig,ES,38.39611,-0.5236,12,Spain
bicischio,BiciSchio,Schio,IT,45.7170517,11.3597702,3,Italy
biclis,biclis,Leiria,PT,39.7495,-8.8074,19,Portugal
bicloo,Bicloo,Nantes,FR,47.218371,-1.553621,125,France
bicyklezadobreskutky,Bicykle za dobré skutky,Prešov,SK,48.996275,21.234341,6,Slovakia
biella,Biella,Biella,IT,45.5775,8.051111,5,Italy
bigi,BiGi,Bergamo,IT,45.695,9.67,23,Italy
bike-chattanooga,Bike Chattanooga,"Chattanooga, TN",US,35.0456297,-85.3096801,43,United States
bike-curitiba,BikeCuritiba,Curitiba,BR,-25.4299,-49.2722,51,Brazil
bike-itau-nordelta,Bike Itaú Nordelta,Nordelta,AR,-34.4146,-58.6493,21,Argentina
bikebrasilia,BikeBrasilia,Brasília,BR,-15.795115,-47.887424,69,Brazil
bikekia-zilina,BikeKia,Žilina,SK,49.2217,18.7572,36,Slovakia
bikemi,BikeMi,Milano,IT,45.4654542,9.186516,322,Italy
bikenmedio,BikEnmedio,Campoo de Enmedio,ES,42.9995,-4.1393,2,Spain
bikepoa,BikePOA,Porto Alegre,BR,-30.033079,-51.23654,90,Brazil
bikerecife,BikeRecife,Recife,BR,-8.047129,-34.873437,90,Brazil
bikerio,BikeRio,Rio de Janeiro,BR,-22.904315,-43.184776,406,Brazil
bikesalvador,BikeSalvador,Salvador,BR,-12.973959,-38.508171,56,Brazil
bikesampa,BikeSampa,São Paulo,BR,-23.55,-46.6333,241,Brazil
bikesantiago,BikeSantiago,Santiago,CL,-33.45,-70.67,189,Chile
bikesantos,BikeSantos,Santos,BR,-23.954052,-46.333345,38,Brazil
bikeshare-peninsula-papagayo,Peninsula Papagayo Bike-Share,Península de Papagayo,CR,10.6246,-85.6796,7,Costa Rica
biketown,BIKETOWN,"Portland, OR",US,45.52175423291714,-122.68107935786247,250,United States
biketown-whq,Biketown WHQ (Nike campus),"Beaverton, OR",US,45.5087,-122.8294,23,United States
bikeu-bra,Bydgoski rower aglomeracyjny,Bydgoszcz,PL,53.12193,18.00038,61,Poland
bikeverona,Verona Bike,Verona,IT,45.438611,10.992778,40,Italy
bikevitoria,Bike Vitória,Vitória,BR,-20.3202,-40.3375,36,Brazil
biki,BIKI,Valladolid,ES,41.6522,-4.7243,101,Spain
bilbon-bizi,BilbonBizi,Bilbao,ES,43.2752,-2.93528,46,Spain
bismarck,BisPArks BCycle,"Bismarck, ND",US,46.8082,-100.7847,4,United States
bixi-montreal,Bixi,"Montréal, QC",CA,45.508693,-73.553928,950,Canada
bixi-toronto,Bike Share Toronto,"Toronto, ON",CA,43.653226,-79.3831843,874,Canada
bizi,Bizi,Zaragoza,ES,41.6487908,-0.8895811,108,Spain
bizkaibizi-barakaldo,Bizkaibizi,Barakaldo,ES,43.2966,-2.987,28,Spain
bizkaibizi-berango,Bizkaibizi,Berango,ES,43.3619,-2.9968,4,Spain
bizkaibizi-bilbao,Bizkaibizi,Bilbao,ES,43.2617,-2.9491,4,Spain
bizkaibizi-erandio,Bizkaibizi,Erandio,ES,43.3029,-2.9756,5,Spain
bizkaibizi-getxo,Bizkaibizi,getxo,ES,43.3476,-3.0088,17,Spain
bizkaibizi-leioa,Bizkaibizi,Leioa,ES,43.3266,-2.9897,8,Spain
bizkaibizi-portugalete,Bizkaibizi,Portugalete,ES,43.318,-3.0214,7,Spain
bizkaibizi-santurtzi,Bizkaibizi,Santurtzi,ES,43.328,-3.0335,6,Spain
bizkaibizi-sestao,Bizkaibizi,Sestao,ES,43.3093,-3.0068,5,Spain
bl-bike-banja-luka,BL bike,Banja Luka,BA,44.775,17.1994,5,Bosnia and Herzegovina
blue-bikes,Blue Bikes,"Boston, MA",US,42.3584308,-71.0597732,537,United States
bora,Bora!,CIM Viseu Dão-Lafões,PT,40.656392,-7.912545,39,Portugal
boulder,Boulder BCycle,"Boulder, CO",US,40.00811,-105.26385,55,United States
brindisi,BrindisiByBike,Brindisi,IT,40.637580319936106,17.940774547082572,5,Italy
broward,Broward BCycle,"Fort Lauderdale, FL",US,26.12026,-80.14819,19,United States
bubi,MOL Bubi,Budapest,HU,47.497912,19.040235,220,Hungary
bublr-bikes,Bublr Bikes,"Milwaukee, WI",US,43.0369,-87.89667,111,United States
buga,BUGA,Aveiro,PT,40.6388,-8.6479,20,Portugal
burgenland-neusiedler-see,Burgenland,Neusiedler See,AT,47.839,16.761,23,Austria
bysykkel-lillestrom,Bysykkel,Lillestrøm,NO,59.9559696,11.0503785,7,Norway
c-velo,C.vélo,Clermont-Ferrand,FR,45.7831,3.0824,58,France
cagliari,Cagliari,Cagliari,IT,39.220817,9.121399,10,Italy
callabike-berlin,Call-A-Bike,Berlin,DE,52.5179,13.3895,481,Germany
callabike-darmstadt,Call-A-Bike,Darmstadt,DE,49.8707135,8.6527299,52,Germany
callabike-frankfurt,Call-A-Bike,Frankfurt,DE,50.1109,8.6795,298,Germany
callabike-koln,Call-A-Bike,Köln,DE,50.939,6.9595,280,Germany
callabike-munchen,Call-A-Bike,München,DE,48.1375,11.5759,255,Germany
capital-bikeshare,Capital BikeShare,"Washington, DC",US,38.8967584,-77.03701629999999,793,United States
capmetro-austin,CapMetro Bikeshare,"Austin, TX",US,30.26408,-97.74355,73,United States
carbonia,Carbonia,Carbonia,IT,39.167222,8.522222,10,Italy
carvelo,carvelo eCargo-Bike Sharing,Switzerland,CH,46.9829,8.2331,328,Switzerland
cascavel,Cascavel Vai de Bici,Cascavel,BR,-24.9558,-53.4566,11,Brazil
cassano-d-adda,Cassano d'Adda,Cassano d'Adda,IT,45.5309616,9.5155813,2,Italy
castellucchio,Castellucchio,Castellucchio,IT,45.15047821582959,10.651202201843262,1,Italy
chantrerie-captainbike,Chantrerie VLS (Captain Bike),"La Chantrerie, Nantes",FR,47.2868203,-1.5210917,16,France
charlotte,Charlotte Joyrides,"Charlotte, NC",US,35.22716,-80.83855,30,United States
chartered-bike-bhopal,Chartered Bike,Bhopal,IN,23.258546,77.401851,56,India
chartered-bike-bilaspur,Chartered Bike,Bilaspur,IN,22.07834,82.14768,5,India
chartered-bike-moradabad,Chartered Bike,Moradabad,IN,28.83263,78.77346,37,India
chartered-bike-prayagraj,Chartered Bike,Prayagraj,IN,25.43802,81.83383,62,India
chartered-bike-rajarhat-new-town,Chartered Bike,Rajarhat New Town,IN,22.58797,88.4731,23,India
chartered-bike-ranchi,Chartered Bike,Ranchi,IN,23.37005,85.325004,91,India
chartered-bike-srinagar,Chartered Bike,Srinagar,IN,34.07471,74.82044,63,India
chartered-bike-surat,Chartered Bike,Surat,IN,21.18626,72.80798,88,India
chivasso,Chivasso,Chivasso,IT,45.189765,7.888935,12,Italy
choletbus,Choletbus 2 roues,Cholet,FR,47.06,-0.8783,12,France
ciclopi,Ciclopi,Pisa,IT,43.7228386,10.4016888,35,Italy
cincy-red-bike,Cincy Red Bike,"Cincinnati, OH",US,39.10138,-84.51217,72,United States
citi-bike-miami,Citi Bike Miami,"Miami, FL",US,25.790654,-80.1300455,168,United States
citi-bike-nyc,Citi Bike,"New York, NY",US,40.7143528,-74.00597309999999,2207,United States
citybike-lima,CityBike Lima,Lima,PE,-12.1209,-77.0296,50,Peru
citybikelinz,city bike Linz,Linz,AT,48.3003,14.2843,51,Austria
citybikes-helsinki,City bikes,Helsinki,FI,60.16985569999999,24.938379,583,Finland
civitavecchia,Civitavecchia,Civitavecchia,IT,42.0937524,11.7922462,4,Italy
clemson,Clemson University Bike Share,"Clemson, SC",US,34.67847,-82.8351,12,United States
clujbike,Cluj Bike,Cluj-Napoca,RO,46.775,23.5975,52,Romania
co-bikes-exeter,Co-bikes,Exeter,GB,50.7272,-3.53605,15,United Kingdom
cogo,CoGo,"Columbus, OH",US,39.983333,-82.983333,92,United States
cork,TFI Bikes,Cork,IE,51.893604,-8.494174,35,Ireland
cuneo,Cuneo,Cuneo,IT,44.384238,7.541428,9,Italy
cyclam,Cycl’AM,Ardenne Métropole,FR,49.7719,4.7161,32,France
cyclolibre,CYCLOlibre,Carcassonne,FR,43.2127,2.3492,10,France
cyclopolis-aua,Γεωπονικό Πανεπιστήμιο Αθηνών (Agricultural University of Athens),Athens,GR,37.9846,23.7056,2,Greece
cyclopolis-chania,Cyclopolis,Chania,GR,35.5148425,24.0177549,5,Greece
cyclopolis-edessa,Cyclopolis,Edessa,GR,40.8033168,22.0436732,4,Greece
cyclopolis-igoumenitsa,Cyclopolis,Igoumenitsa,GR,39.5031199,20.2639271,5,Greece
cyclopolis-loutraki,Cyclopolis,Loutraki,GR,37.9782137,22.9767486,2,Greece
cyclopolis-poros,Cyclopolis,Poros,GR,37.4995,23.4546,1,Greece
cyclovis,Cyclovis,Soissons,FR,49.3817,3.3236,26,France
cykl,Cykl,Wageningen,NL,51.974,5.6671,12,Netherlands
dbizi,Dbizi,Donostia/San Sebastián,ES,43.3186,-1.9836,69,Spain
dcs-bike,DCS Bike,Mannheim,DE,49.5346,8.47004,5,Germany
denver,Lyft,"Denver, CO",US,39.72055,-104.95253,66,United States
desmoines,Des Moines BCycle,"Des Moines, IA",US,41.6005448,-93.6091064,29,United States
divia-velodi,DiviaVélodi,Dijon,FR,47.3215806,5.0414701,40,France
divvy,Divvy,"Chicago, IL",US,41.8781136,-87.6297982,1818,United States
docomo-cycle-aichi,Docomo Bike Share Aichi,愛知県 (Aichi),JP,35.1835,136.904,515,Japan
docomo-cycle-fukui,Docomo Bike Share Fukui,福井県 (Fukui),JP,36.0665,136.2138,41,Japan
docomo-cycle-gifu,Docomo Bike Share Gifu,岐阜県 (Gifu),JP,35.4512,137.02627,1,Japan
docomo-cycle-hiroshima,Docomo Bike Share Hiroshima,広島県 (Hiroshima),JP,34.3904,132.4527,166,Japan
docomo-cycle-hyogo,Docomo Bike Share Hyōgo,兵庫県 (Hyōgo),JP,34.8147,134.689,93,Japan
docomo-cycle-ibaraki,Docomo Bike Share Ibaraki,茨城県 (Ibaraki),JP,36.3732,140.2549,14,Japan
docomo-cycle-ishikawa,Docomo Bike Share Ishikawa,石川県 (Ishikawa),JP,36.5594,136.658,133,Japan
docomo-cycle-kagoshima,Docomo Bike Share Kagoshima,鹿児島県 (Kagoshima),JP,31.588,130.5547,30,Japan
docomo-cycle-kanagawa,Docomo Bike Share Kanagawa,神奈川県 (Kanagawa),JP,35.4504,139.625,327,Japan
docomo-cycle-kyoto,Docomo Bike Share Kyoto,京都府 (Kyoto),JP,35.0001,135.7587,421,Japan
docomo-cycle-miyagi,Docomo Bike Share Miyagi,茨城県 (Miyagi),JP,38.2607,140.8814,140,Japan
docomo-cycle-nara,Docomo Bike Share Nara,奈良県 (Nara),JP,34.6839,135.8087,28,Japan
docomo-cycle-niigata,Docomo Bike Share Niigata,新潟県 (Niigata),JP,37.9186,139.0488,41,Japan
docomo-cycle-oita,Docomo Bike Share Ōita,大分県 (Ōita),JP,33.2393,131.6124,85,Japan
docomo-cycle-okayama,Docomo Bike Share Okayama,岡山県 (Okayama),JP,34.603,133.765,10,Japan
docomo-cycle-okinawa,Docomo Bike Share Okinawa,沖縄県 (Okinawa),JP,26.2097,127.6841,54,Japan
docomo-cycle-osaka,Docomo Bike Share Osaka,大阪府 (Osaka),JP,34.693,135.5028,668,Japan
docomo-cycle-shiga,Docomo Bike Share Shiga,滋賀県 (Shiga),JP,35.0378,135.9801,5,Japan
docomo-cycle-tokyo,Docomo Bike Share Tokyo,Tokyo,JP,35.6827,139.766,1552,Japan
docomo-cycle-yamanashi,Docomo Bike Share Yamanashi,山梨県 (Yamanashi),JP,35.6848,138.733,6,Japan
donkey-gh,Donkey Republic - Gent,Gent,BE,51.05,3.7303,450,Belgium
dott-ibiza,Dott Ibiza,Ibiza,ES,38.91,1.4334,27,Spain
dott-murcia,Dott,Murcia,ES,37.9872,-1.1287,595,Spain
dott-tarragona,Dott Tarragona,Tarragona,ES,41.1178,1.2553,110,Spain
dubai-careem-bike,Dubai Careem BIKE,Dubai,AE,25.1713,55.2324,194,United Arab Emirates
dublinbikes,dublinbikes,Dublin,IE,53.3498053,-6.2603097,114,Ireland
e-motion-rovereto,e.motion,Rovereto,IT,45.88710661061543,11.042242751867644,19,Italy
e-motion-trento,e.motion,Trento,IT,46.06643205823519,11.122145390351879,86,Italy
easybike-didymoteicho,EasyBike,Didymoteicho,GR,41.3502539849,26.4972960949,7,Greece
easybike-glyfada,EasyBike,Glyfada,GR,37.8715809825,23.7355544376,2,Greece
easybike-igoumenitsa,EasyBike,Igoumenitsa,GR,39.5005770633,20.2635206985,2,Greece
easybike-ioannina,EasyBike,Ioannina,GR,39.6639818,20.8522784,4,Greece
easybike-irakleio,EasyBike,Irakleio,GR,35.338735,25.144213,3,Greece
easybike-karditsa,EasyBike,Karditsa,GR,39.3634604,21.9211192,6,Greece
easybike-kinouria,EasyBike,Kinouria,GR,37.1476704305,22.8933729935,2,Greece
easybike-komotini,EasyBike,Komotini,GR,41.117833,25.4041307,6,Greece
easybike-mani,EasyBike,Mani,GR,41.4097472,26.4024952,2,Greece
easybike-patra,EasyBike,Patra,GR,38.2410966371,21.7259683418,11,Greece
easybike-rethymno,EasyBike,Rethymno,GR,35.3667571777,24.4832845736,4,Greece
easybike-samos,EasyBike,Samos,GR,37.754065919,26.9787850189,4,Greece
ecobici,EcoBici,Cd de México,MX,19.4326077,-99.133208,677,Mexico
ecobici-buenos-aires,Ecobici,Buenos Aires,AR,-34.630665,-58.41156,399,Argentina
edeka-gruenheide-mark,EDEKA Grünheide,Grünheide (Mark),DE,52.4247,13.8203,17,Germany
eifel,Eifel e-Bike,Eifel e-Bike,DE,50.5771,6.64673,52,Germany
elpaso,El Paso BCycle,"El Paso, TX",US,31.76148,-106.48507,19,United States
emobi-osijek,eMobi (Croatia),Osijek,HR,45.554,18.6943,26,Croatia
encicla,EnCicla,Medellin,CO,6.2443,-75.5735,137,Colombia
enna,Enna,Enna,IT,37.56342572664775,14.27973747253418,5,Italy
eoulling-sejong,어울링 (Eoulling),세종 (Sejong),KR,36.4901,127.2829,712,"Korea, Republic of"
famose,Fa.Mo.Se,Senigallia,IT,43.7603,13.1139,25,Italy
figas,Figas,Figueira da Foz,PT,40.1548,-8.8613,7,Portugal
foli,Fölläri bikes,Turku,FI,60.4506,22.2666,266,Finland
fortworth,Trinity Metro Bikes,"Fort Worth, TX",US,32.7516,-97.32888,56,United States
free-bike-sharing,FRee Bike sharing,Frosinone,IT,41.645081,13.342123,9,Italy
frelo-freiburg,Frelo,Freiburg,DE,47.9958,7.84453,124,Germany
galway,TFI Bikes,Galway,IE,53.2783491544,-9.05069143207,23,Ireland
ganxeta-reus,Ganxeta,Reus,ES,41.1589,1.10623,21,Spain
gbici,Gbici,Getafe,ES,40.308,-3.7301,18,Spain
gijon,Gijón Bici,Gijón,ES,43.5396116,-5.6663604,47,Spain
gimme-bike,Gimme Bike,Varese,IT,45.8183902,8.823913,22,Italy
gira,Gira,Lisbon,PT,38.724954,-9.149334,195,Portugal
girocleta,Girocleta,Girona,ES,41.9794005,2.8214264,36,Spain
gobiki,Biki,Honolulu,US,21.3043,-157.856,132,United States
goodbike,GoodBike,Padova,IT,45.4064349,11.8767611,24,Italy
grad-drnis-drnis,Nextbike,Drniš,HR,43.8425,16.1197,6,Croatia
grad-ivanic-grad-ivanic-grad,Grad Ivanić-Grad,Ivanic Grad,HR,45.7062,16.3919,5,Croatia
grad-karlovac-karlovac,Grad Karlovac,Karlovac,HR,45.4905,15.5503,13,Croatia
grad-makarska-makarska,Grad Makarska,Makarska,HR,43.2992,17.0184,1,Croatia
grad-metkovic-metkovic,Grad Metković,Metković,HR,43.0654,17.642,4,Croatia
grad-sibenik-sibenik,Grad Šibenik,Šibenik,HR,43.733,15.8982,12,Croatia
grad-sisak-sisak,Grad Sisak,Sisak,HR,45.4875,16.3753,5,Croatia
grad-slavonski-brod-slavonski-brod,Grad Slavonski Brod,Slavonski Brod,HR,45.1656,18.0183,10,Croatia
grad-split,Grad Split (Croatia),Split,HR,43.5162,16.4637,66,Croatia
grad-split-opcina-hrvace,Grad Split (Croatia),Općina Hrvace,HR,43.7553,16.6197,1,Croatia
grad-split-opcina-klis,Grad Split (Croatia),Općina Klis,HR,43.5605,16.5269,2,Croatia
grad-split-opcina-otok-dalmatinski,Grad Split (Croatia),Općina Otok Dalmatinski,HR,43.6889,16.7361,1,Croatia
grad-split-podstrana,Grad Split (Croatia),Podstrana,HR,43.4934,16.5598,2,Croatia
grad-split-sinj,Grad Split (Croatia),Sinj,HR,43.7031,16.6364,1,Croatia
grad-split-solin,Grad Split (Croatia),Solin,HR,43.5441,16.4833,8,Croatia
grad-split-trogir,Grad Split (Croatia),Trogir,HR,43.5234,16.2476,3,Croatia
grad-velika-gorica-velika-gorica,Grad Velika Gorica,Velika Gorica,HR,45.7161,16.0683,4,Croatia
grad-vukovar,Grad Vukovar (Croatia),Vukovar,HR,45.3575,18.9895,2,Croatia
grad-zadar-zadar,Grad Zadar,Zadar,HR,44.0058,15.2183,8,Croatia
grad-zapresic,Grad Zaprešić (Croatia),Zaprešić,HR,45.8622,15.8049,8,Croatia
greenbikeslc,GREENbike,Salt Lake City,US,40.76745,-111.88736,60,United States
greenville,Greenville BCycle,"Greenville, SC",US,34.85261759999999,-82.3940104,13,United States
greifswald,StadtRad Greifswald,Greifswald (StadtRad),DE,54.0961,13.3787,21,Germany
hellocycling-aichi,HELLO CYCLING Aichi,愛知県 (Aichi),JP,35.1827,136.9096,235,Japan
hellocycling-chiba,HELLO CYCLING Chiba,千葉県 (Chiba),JP,35.6687,140.0201,1160,Japan
hellocycling-ehime,HELLO CYCLING Ehime,愛媛県 (Ehime),JP,33.8445,132.76913,34,Japan
hellocycling-fukuoka,HELLO CYCLING Fukuoka,福岡県 (Fukuoka),JP,33.8823,130.8759,53,Japan
hellocycling-gifu,HELLO CYCLING Gifu,岐阜県 (Gifu),JP,35.3348,137.1236,45,Japan
hellocycling-hiroshima,HELLO CYCLING Hiroshima,広島県 (Hiroshima),JP,34.40061,133.19824,6,Japan
hellocycling-hyougo,HELLO CYCLING Hyougo,兵庫県 (Hyougo),JP,34.7356,135.3697,305,Japan
hellocycling-ibaraki,HELLO CYCLING Ibaraki,茨城県 (Ibaraki),JP,36.0852,140.2008,68,Japan
hellocycling-iwate,HELLO CYCLING Iwate,岩手県 (Iwate),JP,39.6992,141.1343,4,Japan
hellocycling-kagawa,HELLO CYCLING Kagawa,香川県 (Kagawa),JP,34.4898,134.26,48,Japan
hellocycling-kanagawa,HELLO CYCLING Kanagawa,神奈川県 (Kanagawa),JP,35.3629,139.4677,1713,Japan
hellocycling-kumamoto,HELLO CYCLING Kumamoto,熊本県 (Kumamoto),JP,32.21207,130.75388,6,Japan
hellocycling-kyoto,HELLO CYCLING Kyoto,京都府 (Kyoto),JP,35.01897,135.75747,150,Japan
hellocycling-nagano,HELLO CYCLING Nagano,長野県 (Nagano),JP,36.2395,137.9697,69,Japan
hellocycling-nara,HELLO CYCLING Nara,奈良県 (Nara),JP,34.6819,135.8007,140,Japan
hellocycling-okinawa,HELLO CYCLING Okinawa,沖縄県 (Okinawa),JP,26.2127,127.6828,222,Japan
hellocycling-osaka,HELLO CYCLING Osaka,大阪府 (Osaka),JP,34.6917,135.5091,1352,Japan
hellocycling-saga,HELLO CYCLING Saga,佐賀県 (Saga),JP,33.2622,130.2988,0,Japan
hellocycling-saitama,HELLO CYCLING Saitama,埼玉県 (Saitama),JP,35.86017,139.64347,1789,Japan
hellocycling-shizuoka,HELLO CYCLING Shizuoka,静岡県 (Shizuoka),JP,34.9769,138.3855,348,Japan
hellocycling-tochigi,HELLO CYCLING Tochigi,栃木県 (Tochigi),JP,36.75349,139.6115,22,Japan
hellocycling-tokyo,HELLO CYCLING Tokyo,東京都 (Tokyo),JP,35.671,139.765,3152,Japan
heraeus-hanau,Heraeus Hanau,Hanau,DE,50.1387,8.94429,5,Germany
hi-bike-fort-william,Hi-Bike Fort William,Fort William,GB,56.8171,-5.1054,13,United Kingdom
hi-bike-inverness,Hi-Bike Inverness,Inverness,GB,57.4767,-4.2269,14,United Kingdom
hibike,Hibike,Kailua-Kona,US,19.6417,-155.9962,23,United States
ibizi-ibiza-city,ibizi,Ibiza-City,ES,38.9066,1.42046,5,Spain
idecycle,IDEcycle,Pau,FR,43.2957547,-0.3685668,14,France
indego,Indego,"Philadelphia, PA",US,39.95378,-75.16374,264,United States
indiana-pacers-bikeshare,Indiana Pacers Bikeshare,"Indianapolis, IN",US,39.76593,-86.16216,51,United States
infralobo,Smart Bikes by Infralobo,Vale do Lobo,PT,37.055,-8.0643,24,Portugal
integrabike,Integrabike,Sorocaba,BR,-23.5015,-47.4526,15,Brazil
jackson,Jackson County BCycle,"Jackson, MI",US,42.2462,-84.4031,1,United States
jastrebarsko-jastrebarsko,Nextbike,Jastrebarsko,HR,45.6692,15.6541,1,Croatia
jesinbici,JesinBici,Jesi,IT,43.522601,13.244448,4,Italy
joco-new-york,JOCO New York,New York,US,40.7572,-73.9859,35,United States
karuvelo,Karu'Vélo,Pointe-à-Pitre,FR,16.2411,-61.5331,14,France
kolumbus-rogaland,Bysykkelen,Rogaland,NO,58.9689,5.731,205,Norway
komornicki-system-rowerowy-komorniki,Komornicki System Rowerowy Poland,Komorniki,PL,52.3347,16.8094,2,Poland
kotobike,Kotobike,京都 (Kyoto),JP,35.0115,135.7518,104,Japan
kuitunbike,Kuitun Bike,奎屯市 (Kuitun),CN,44.429,84.9009,60,China
kvb-rad-koln,KVB Rad,Köln,DE,50.9429,6.95649,196,Germany
lastenvelo-freiburg,LastenVelo Freiburg,Freiburg,DE,47.9981,7.8439,43,Germany
le-marcel,Le Marcel,Troyes,FR,48.2997,4.0792,27,France
le-velo,LeVélo,Marseille,FR,43.296482,5.36978,203,France
le-velo-star,LE vélo Star,Rennes,FR,48.114167,-1.680833,57,France
lecce,lecce,Lecce,IT,40.35040350928062,18.177824020385742,6,Italy
lecco,Bicincittà,Lecco,IT,45.8565698,9.397670399999999,12,Italy
li-bia-velo,Li bia velo,Namur,BE,50.465328,4.867665,27,Belgium
libelo,Libélo,Valence,FR,44.922726,4.905634,53,France
limerick,TFI Bikes,Limerick,IE,52.668746,-8.627809,24,Ireland
lincoln,BikeLNK,"Lincoln, NE",US,40.8087,-96.7075,21,United States
linkbike-penang,LinkBike,Penang,MY,5.4192,100.3281,28,Malaysia
longanoinbici,LonganoinBici,Barcellona Pozzo di Gotto,IT,38.149812517944284,15.212116241455078,5,Italy
lovelolibreservice,Lovélo Libre Service,Rouen,FR,49.4432552,1.0999821,122,France
lovesharing-canary-islands-fuerteventura,Lovesharing (Canary Islands),Fuerteventura,ES,28.3584,-14.064,6,Spain
lovesharing-canary-islands-gran-canaria,Lovesharing (Canary Islands),Gran Canaria,ES,27.8154,-15.5182,7,Spain
lovesharing-canary-islands-lanzarote,Lovesharing (Canary Islands),Lanzarote,ES,29.0491,-13.5729,1,Spain
lrm-lublin-lublin,LRM Lublin,Lublin,PL,51.2469,22.5697,121,Poland
lundahoj,Lundahoj,Lund,SE,55.7046601,13.1910073,19,Sweden
lviv-odessa,Nextbike,Odessa,UA,46.463,30.7042,26,Ukraine
madison,BCycle,"Madison, WI",US,43.07571,-89.38527,99,United States
malmobybike,Malmö by bike,Malmö,SE,55.605,13.0038,98,Sweden
manerba-in-bici,Manerba in Bici,Manerba del Garda,IT,45.561179,10.559406,7,Italy
mar-e-bici,Mar e Bici,Marciana Marina,IT,42.805855,10.196514,2,Italy
marseillan,Marseillan vélo libre-service,Marseillan,FR,43.3572,3.5283,3,France
mbajk,MBajk,Maribor,SI,46.5547,15.6459,36,Slovenia
mcallen,RGV BCycle,"McAllen, TX",US,26.20438,-98.2261,7,United States
medina-careem-bike,Medina Careem BIKE,Medina,SA,24.4682,39.612,61,Saudi Arabia
meglio-in-bici,Meglio in Bici,Cernusco sul Naviglio - Pioltello - Carugate,IT,45.520541,9.341984,8,Italy
mein-konrad-konstanz,Mein konrad,Konstanz,DE,47.6732,9.1663,37,Germany
meiob,meioB,Médio Tejo,PT,39.6024,-8.4069,78,Portugal
memphis,Explore Bike Share,"Memphis, TN",US,35.1486,-90.045,33,United States
metro-bike-share,Metro Bike Share,"Los Angeles, CA",US,34.04855,-118.25905,219,United States
metropolradruhr-bochum,metropolradruhr,Bochum,DE,51.4813,7.2133,94,Germany
metropolradruhr-bottrop,metropolradruhr,Bottrop,DE,51.5263,6.94611,7,Germany
metropolradruhr-dortmund,metropolradruhr,Dortmund,DE,51.5141,7.46255,96,Germany
metropolradruhr-duisburg,metropolradruhr,Duisburg,DE,51.4487,6.77513,53,Germany
metropolradruhr-essen,metropolradruhr,Essen,DE,51.4425,7.02301,84,Germany
metropolradruhr-gelsenkirchen,metropolradruhr,Gelsenkirchen,DE,51.5404,7.07039,27,Germany
metropolradruhr-hamm,metropolradruhr,Hamm,DE,51.6775,7.84836,8,Germany
metropolradruhr-herne,metropolradruhr,Herne,DE,51.5363,7.21493,24,Germany
metropolradruhr-mulheim-adr,metropolradruhr,Mülheim a.d.R.,DE,51.4308,6.87401,33,Germany
metropolradruhr-oberhausen,metropolradruhr,Oberhausen,DE,51.4936,6.85169,22,Germany
metrorower,Metrorower,Górnośląsko-Zagłębiowska Metropolia,PL,50.2664,19.0217,926,Poland
mibici-guadalajara,MIBICI,Guadalajara,MX,20.6737883,-103.3704325,367,Mexico
mibicitubici,Mi bici tu bici,Rosario,AR,-32.95,-60.65,91,Argentina
mibisivalencia,MIBISI,"Valencia, área metropolitana",ES,39.4745,-0.4189,49,Spain
mimuovofe,Mi Muovo in Bici,Ferrara,IT,44.8350382,11.6240562,8,Italy
mobibike-dresden,MOBIbike,Dresden,DE,51.0535,13.7387,504,Germany
mobibikes,Mobi,Vancouver,CA,49.2827,-123.1207,259,Canada
mogo-detroit,MoGo,"Detroit, MI",US,42.331548,-83.0465,81,United States
monabike,MonaBike,Monaco,MC,43.733333,7.416667,53,Monaco
monopoli-bike,Monopoli BIKE,Monopoli,IT,40.94519109440738,17.311687995336918,6,Italy
movemix-bike,Movemix Bike,Halle (Saale),DE,51.4938,11.9628,104,Germany
mvg-meinrad-nextbike-mainz,meinRad MVG Mainz,Mainz,DE,50.0153,8.252,188,Germany
mvrad-anklam,MV-Rad,Anklam,DE,53.8614,13.6907,0,Germany
mvrad-hq,MV-Rad,MV-Rad,DE,53.6707,12.4255,50,Germany
nashville,Nashville BCycle,"Nashville, TN",US,36.15768,-86.773,35,United States
nbici,nbici,Pamplona,ES,42.8116631,-1.6482653,5,Spain
neuchatelroule,Neuchâtelroule,Neuchâtel,CH,46.9916,6.9269,64,Switzerland
nextbike-10vorwien,Nextbike,10vorWien,AT,48.3403,16.279,6,Austria
nextbike-auckland-waterfront,Nextbike,Auckland Waterfront,NZ,-36.841,174.763,28,New Zealand
nextbike-bergamo,nextbike Bergamo,Bergamo,IT,45.6986,9.67567,74,Italy
nextbike-berlin,Nextbike,Berlin,DE,52.5087,13.3563,3626,Germany
nextbike-berounsko,nextbike Berounsko,Berounsko,CZ,49.9616,14.064,26,Czech Republic
nextbike-bielefeld,meinSiggi,Bielefeld,DE,52.0257,8.53286,64,Germany
nextbike-bonn,Nextbike,Bonn,DE,50.7367,7.09541,78,Germany
nextbike-brno,nextbike Brno,Brno,CZ,49.1911,16.6148,272,Czech Republic
nextbike-brno-kurim,nextbike Brno,Kuřim,CZ,49.2994,16.5368,24,Czech Republic
nextbike-cardiff,Nextbike,Cardiff,GB,51.4848,-3.19062,2,United Kingdom
nextbike-christchurch,Nextbike,Christchurch,NZ,-43.5341,172.621,2,New Zealand
nextbike-dusseldorf,Nextbike,Düsseldorf,DE,51.2243,6.77204,245,Germany
nextbike-dvur-kralove,nextbike Dvůr Králové,Dvůr Králové,CZ,50.4278,15.8162,25,Czech Republic
nextbike-ennetmoos,Nextbike,Ennetmoos,CH,46.9573,8.3377,2,Switzerland
nextbike-erfurt,Nextbike,Erfurt,DE,50.9785,11.0334,11,Germany
nextbike-focsani,nextbike Romania,Focșani,RO,45.6947,27.1851,1,Romania
nextbike-frydek-mistek,nextbike Frýdek-Místek,Frýdek-Místek,CZ,49.6832,18.3457,126,Czech Republic
nextbike-giessen,Nextbike,Gießen,DE,50.5943,8.68097,47,Germany
nextbike-glasgow,Nextbike,Glasgow,GB,55.8589,-4.25549,113,United Kingdom
nextbike-gross-enzersdorf,Nextbike,Groß Enzersdorf,AT,48.1986,16.5496,3,Austria
nextbike-gutersloh,Nextbike,Gütersloh,DE,51.9049,8.39275,5,Germany
nextbike-havirov,nextbike Havířov,Havířov,CZ,49.7799,18.4328,63,Czech Republic
nextbike-hergiswil,Nextbike,Hergiswil,CH,46.9905,8.30829,8,Switzerland
nextbike-hodonin,nextbike Hodonín,Hodonín,CZ,48.8489,17.1327,31,Czech Republic
nextbike-hollabrunn,Nextbike,Hollabrunn,AT,48.562,16.0785,2,Austria
nextbike-horw,Nextbike,Horw,CH,47.0188,8.30828,19,Switzerland
nextbike-hradec-kralove,nextbike Hradec Králové,Hradec Králové,CZ,50.2079,15.8334,93,Czech Republic
nextbike-ivano-frankivsk,Nextbike,Ivano Frankivsk,UA,48.9281,24.7103,0,Ukraine
nextbike-jicin,nextbike Jičín,Jičín,CZ,50.4367,15.3743,23,Czech Republic
nextbike-jihlava,nextbike Jihlava,Jihlava,CZ,49.4078,15.6061,56,Czech Republic
nextbike-karlsruhe,KVV.nextbike,Karlsruhe,DE,49.0102,8.41827,51,Germany
nextbike-kassel,Nextbike,Kassel,DE,51.3127,9.47975,64,Germany
nextbike-kladno,nextbike Kladno,Kladno,CZ,50.1435,14.1082,79,Czech Republic
nextbike-klagenfurt,Nextbike,Klagenfurt,AT,46.6335,14.3085,50,Austria
nextbike-koprivnice,nextbike Kopřivnice,Kopřivnice,CZ,49.5934,18.1422,32,Czech Republic
nextbike-krnov,nextbike Krnov,Krnov,CZ,50.0703,17.8837,34,Czech Republic
nextbike-leipzig,Nextbike,Leipzig,DE,51.3415,12.3625,146,Germany
nextbike-limassol,Nextbike,Limassol,CY,34.6823,33.0464,96,Cyprus
nextbike-lippstadt,Nextbike,Lippstadt,DE,51.6755,8.34394,24,Germany
nextbike-luzern,Nextbike,Luzern,CH,47.0472,8.30446,101,Switzerland
nextbike-lviv,Nextbike,Lviv,UA,49.8402,24.0182,19,Ukraine
nextbike-marburg,Nextbike,Marburg,DE,50.8019,8.76444,55,Germany
nextbike-mladoboleslavsko-mlada-boleslav,nextbike Mladoboleslavsko,Mladá Boleslav,CZ,50.4278,14.8999,119,Czech Republic
nextbike-mladoboleslavsko-mnichovo-hradiste,nextbike Mladoboleslavsko,Mnichovo Hradiště,CZ,50.5218,14.9741,18,Czech Republic
nextbike-modling,Nextbike,Mödling,AT,48.1047,16.3202,10,Austria
nextbike-most,nextbike Most,Most,CZ,50.5014,13.6361,44,Czech Republic
nextbike-nicosia,Nextbike,Nicosia,CY,35.1728,33.3653,86,Cyprus
nextbike-norderstedt,Nextbike,Norderstedt,DE,53.6969,10.002,19,Germany
nextbike-novy-jicin,nextbike Nový Jičín,Nový Jičín,CZ,49.5976,18.008,32,Czech Republic
nextbike-oberdorf,Nextbike,Oberdorf,CH,46.9563,8.3884,4,Switzerland
nextbike-olbramovicevotice,nextbike OlbramoviceVotice,Olbramovice/Votice,CZ,49.6525,14.6355,18,Czech Republic
nextbike-oldenburg,OLi-Bike,Oldenburg,DE,53.1448,8.22485,29,Germany
nextbike-olomouc,nextbike Olomouc,Olomouc,CZ,49.5929,17.2459,68,Czech Republic
nextbike-opava,nextbike Opava,Opava,CZ,49.9289,18.2634,62,Czech Republic
nextbike-ortenaukreis,Nextbike Ortenaukreis,Ortenaukreis,DE,48.4721,7.94243,75,Germany
nextbike-ostrava,nextbike Ostrava,Ostrava,CZ,49.8344,18.2823,397,Czech Republic
nextbike-ostrava-hlucin,nextbike Ostrava,Hlučín,CZ,49.898,18.1923,12,Czech Republic
nextbike-ostrava-vresina,nextbike Ostrava,Vřesina,CZ,49.825,18.1206,8,Czech Republic
nextbike-pardubice,nextbike Pardubice,Pardubice,CZ,50.0343,15.7812,61,Czech Republic
nextbike-pisek,nextbike Písek,Písek,CZ,49.3051,14.1463,61,Czech Republic
nextbike-potsdam,Nextbike,Potsdam,DE,52.3997,13.0676,134,Germany
nextbike-praha,nextbike Praha,Praha,CZ,50.0592,14.5761,1043,Czech Republic
nextbike-praha-ricany,nextbike Praha,Říčany,CZ,49.9976,14.6685,33,Czech Republic
nextbike-prerov,nextbike Prerov,Prerov,CZ,49.4574,17.4408,66,Czech Republic
nextbike-prostejov,nextbike Prostejov,Prostejov,CZ,49.4722,17.1055,65,Czech Republic
nextbike-russelsheim-am-main,Nextbike,Rüsselsheim am Main,DE,49.9881,8.42142,16,Germany
nextbike-rychnovsko,nextbike Rychnovsko,Rychnovsko,CZ,50.1668,16.2828,18,Czech Republic
nextbike-sarajevo,Nextbike,Sarajevo,BA,43.85,18.39,23,Bosnia and Herzegovina
nextbike-sarnen,Nextbike,Sarnen,CH,46.8963,8.24614,25,Switzerland
nextbike-serfaus,Nextbike,Serfaus,AT,47.0387,10.6048,3,Austria
nextbike-stans,Nextbike,Stans,CH,46.9593,8.36836,21,Switzerland
nextbike-stansstad,Nextbike,Stansstad,CH,46.9801,8.34098,10,Switzerland
nextbike-stirling,Nextbike,Stirling,GB,56.1165,-3.9369,10,United Kingdom
nextbike-stpolten,Nextbike,St.Pölten,AT,48.2058,15.6232,55,Austria
nextbike-sursee,Nextbike,Sursee,CH,47.1713,8.10877,37,Switzerland
nextbike-thermenregion,Nextbike,Thermenregion,AT,47.9892,16.2646,5,Austria
nextbike-trutnov,nextbike Trutnov,Trutnov,CZ,50.5616,15.9126,21,Czech Republic
nextbike-tulln,Nextbike,Tulln,AT,48.3269,16.0569,12,Austria
nextbike-tuzla,Nextbike,Tuzla,BA,44.5392,18.675,15,Bosnia and Herzegovina
nextbike-uherske-hradiste,nextbike Uherské Hradiště,Uherské Hradiště,CZ,49.0678,17.4665,41,Czech Republic
nextbike-university-of-surrey,Nextbike,Surrey,GB,51.2422,-0.590594,10,United Kingdom
nextbike-urdaibai,BBK Klimabizi,Urdaibai,ES,43.395,-2.68815,4,Spain
nextbike-vinnytsia,Nextbike,Vinnytsia,UA,49.2328,28.4625,25,Ukraine
nextbike-vrchlabi,nextbike Vrchlabí,Vrchlabí,CZ,50.6222,15.6126,20,Czech Republic
nextbike-wachau,Nextbike,Wachau,AT,48.3188,15.4166,1,Austria
nextbike-wienerwald,Nextbike,WienerWald,AT,48.1926,16.141,5,Austria
nextbike-wiesbaden,Nextbike,Wiesbaden,DE,50.0709,8.24322,36,Germany
nextbike-wolfenschiessen,Nextbike,Wolfenschiessen,CH,46.9079,8.39767,7,Switzerland
nextbike-wrneustadt,Nextbike,Wr.Neustadt,AT,47.8167,16.2426,20,Austria
nextbike-wurzburg,Nextbike,Würzburg,DE,49.8,9.93333,15,Germany
nextbike-zagreb,Nextbike,Zagreb,HR,45.7984,15.9789,44,Croatia
nextbike-zlin,nextbike Zlín,Zlín,CZ,49.238,17.6788,98,Czech Republic
nibelungen-bike-braunschweig,Nibelungen-Bike,Braunschweig,DE,52.2597,10.5307,97,Germany
nomago-gorica,Nomago Bikes - GO2GO,Nova Gorica,SI,45.9576,13.6406,20,Slovenia
nomago-gorizia,GO2GO - Gorizia,Gorizia,IT,45.9469,13.6208,3,Italy
nomago-ljubljana,Nomago Bikes - LJUBLJANA,Ljubljana,SI,46.0577,14.5013,40,Slovenia
nomago-portoroz,Nomago Bikes - PORTOROZ,Portorož,SI,45.5054,13.5979,1,Slovenia
nomago-zanaprej,Nomago Bikes - ZANAPREJ,Zagorje ob Savi,SI,46.1392,14.9785,7,Slovenia
nomagobikes-celje,NomagoBikes,Celje,SI,46.2388,15.2693,40,Slovenia
nomagobikes-lasko,NomagoBikes,Laško,SI,46.1458,15.2312,8,Slovenia
notoinbici,NotoinBici,Noto,IT,36.889437754839854,15.074658393859863,4,Italy
novara,Novara,Novara,IT,45.44574,8.622165,14,Italy
nubija-changwon,누비자 (Nubija),창원시 (Changwon),KR,35.22369091380072,128.67059887227657,441,"Korea, Republic of"
oeynrad-bad-oeynhausen,Oeynrad,Bad Oeynhausen,DE,52.2051,8.80074,3,Germany
olbia-bike,Olbia Bike,Olbia,IT,40.9240543,9.4994397,3,Italy
oleski-rower-miejski-olesno,Oleski Rower Miejski Poland,Olesno,PL,50.8773,18.4212,1,Poland
omaha,Heartland BCycle,"Omaha, NE",US,41.25832,-96.00853,82,United States
ontibici,Ontibici,Ontinyent,ES,38.8211,-0.609,24,Spain
opcina-brinje-brinje,Općina Brinje,Brinje,HR,44.9977,15.1258,2,Croatia
opcina-pitomaca,Općina Pitomača (Croatia),Pitomača,HR,45.9077,17.2622,1,Croatia
optymo,Optymo,Belfort,FR,47.641111,6.849444,35,France
oslo-bysykkel,Bysykkel,Oslo,NO,59.913869,10.752245,267,Norway
ossola,Comunità Montana Valli dell'Ossola,Santa Maria Maggiore - Malesco - Villette,IT,46.127196,8.499169,6,Italy
ov-fiets,OV-fiets,Nederland,NL,52.1449,5.5603,283,Netherlands
parkinbici,Parkinbici,Parco Nazionale del Gargano,IT,41.7817081,15.8516421,9,Italy
parma,Mi Muovo in Bici,Parma,IT,44.801485,10.3279036,46,Italy
passofundo,Passo Fundo Vai de Bici,Passo Fundo,BR,-28.2555,-52.3981,8,Brazil
pavia-in-bici,Pavia in bici,Pavia,IT,45.1847248,9.1582069,7,Italy
peacehealth-rides,PeaceHealth Rides,"Eugene, OR",US,44.0502,-123.0949,153,United States
perivelo,Périvélo,Grand Périgueux,FR,45.1929,0.7217,3,France
petites-reines,Les Petites Reines,Les Sables d'Olonne,FR,46.4971,-1.7805,15,France
piacenza,Mi Muovo in Bici,Piacenza,IT,45.0473754,9.6865813,2,Italy
pickebike-aubonne,PickeBike Aubonne,Aubonne,CH,46.4949,6.3963,14,Switzerland
pickebike-basel,PickeBike Basel,Basel,CH,47.5579,7.5902,60,Switzerland
pickebike-fribourg,PickeBike Fribourg,Fribourg,CH,46.8039,7.1505,53,Switzerland
pinerolo,Pinerolo,Pinerolo,IT,44.8850256,7.3499953,9,Italy
piotrkowski-rower-miejski-piotrkow-trybunalski,Piotrkowski Rower Miejski Poland,Piotrków Trybunalski,PL,51.3975,19.6779,5,Poland
pittsburgh,Pogoh,"Pittsburgh, PA",US,40.4406,-79.9893,60,United States
pobiedziski-rower-gminny-pobiedziska,Pobiedziski Rower Gminny Poland,Pobiedziska,PL,52.4765,17.2866,3,Poland
pombike,Pombike,Pombal,PT,39.915278,-8.632222,8,Portugal
pony-nice,Pony,Nice,FR,43.695949,7.271413,0,France
pordenone,Pordenone,Pordenone,IT,45.94790101663391,12.674491020251475,3,Italy
portofino-park-and-bike,Portofino Park and Bike,Santa Margherita Ligure - Portofino - Camogli,IT,44.335084,9.211264,7,Italy
prata-camportaccio,Prata Camportaccio,Prata Camportaccio,IT,46.3042146,9.3964914,1,Italy
publibike-bern,PubliBike Bern,Bern,CH,46.94841,7.43767,251,Switzerland
publibike-fribourg,PubliBike Fribourg,Fribourg,CH,46.805708,7.160339,0,Switzerland
publibike-lausanne-morges,PubliBike Lausanne-Morges,Lausanne,CH,46.516649,6.62948,69,Switzerland
publibike-region-de-nyon,PubliBike Région de Nyon,Nyon,CH,46.381706,6.240311,50,Switzerland
publibike-sottoceneri-ti,PubliBike Sottoceneri (TI),Lugano,CH,46.00491,8.95244,116,Switzerland
publibike-zuerich,PubliBike Zürich,Zürich,CH,47.38728,8.53767,177,Switzerland
punpunbikeshare,Pun Pun Bike Share,Bangkok,TH,13.75,100.516667,0,Thailand
qrobici,Qrobici,Santiago de Querétaro,MX,20.5939,-100.3958,40,Mexico
ready4green-graben,Graben - ready4green,Graben,DE,51.1242,10.8984,2,Germany
redding,Redding BCycle,"Redding, CA",US,40.5875,-122.386,22,United States
reddy-bike-share,Reddy Bike Share,"Buffalo, NY",US,42.89373841865211,-78.8718044757843,124,United States
reggio-emilia,Mi Muovo in Bici,Reggio Emilia,IT,44.6989932,10.6296859,16,Italy
regivelo-kreuzlingen,Regivelo,Kreuzlingen,CH,47.646,9.1716,20,Switzerland
relay-atlanta,HOPR,"Atlanta, GA",US,33.7627941119619,-84.38727110624313,113,United States
revgmobic,mobic,REVG,DE,50.8493,6.6687,156,Germany
rietinbici,Rietinbici,Rieti,IT,42.40262397383167,12.86099910736084,15,Italy
rimini,Mi Muovo in Bici,Rimini,IT,44.0570817,12.5646003,7,Italy
rivibike,Rivibike,Riviera de São Lourenço,BR,-23.7998,-46.0223,7,Brazil
rmbikes,RMBikes,Rio Maior,PT,39.3374,-8.9374,6,Portugal
rower-powiatowy-sokolow-podlaski,Rower Powiatowy Sokołów Podlaski,Sokołów Podlaski,PL,52.4082,22.2525,6,Poland
rowerowe-lodzkie-rl-koluszki,Rowerowe Łódzkie,Koluszki,PL,51.7401,19.835,23,Poland
rowerowe-lodzkie-rl-kutno,Rowerowe Łódzkie,Kutno,PL,52.2317,19.3564,17,Poland
rowerowe-lodzkie-rl-lask,Rowerowe Łódzkie,Łask,PL,51.5893,19.142,6,Poland
rowerowe-lodzkie-rl-lodz-rl,Rowerowe Łódzkie,Łódź,PL,51.7674,19.4575,15,Poland
rowerowe-lodzkie-rl-lowicz,Rowerowe Łódzkie,Łowicz,PL,52.1057,19.9381,12,Poland
rowerowe-lodzkie-rl-pabianice,Rowerowe Łódzkie,Pabianice,PL,51.6651,19.3548,15,Poland
rowerowe-lodzkie-rl-sieradz,Rowerowe Łódzkie,Sieradz,PL,51.5902,18.7382,13,Poland
rowerowe-lodzkie-rl-skierniewice,Rowerowe Łódzkie,Skierniewice,PL,51.9539,20.1469,10,Poland
rowerowe-lodzkie-rl-zdunska-wola,Rowerowe Łódzkie,Zduńska Wola,PL,51.6011,18.938,13,Poland
rowerowe-lodzkie-rl-zgierz,Rowerowe Łódzkie,Zgierz,PL,51.8551,19.4068,11,Poland
rsvg-bike,RSVG-Bike,RSVG,DE,50.7669,7.37457,176,Germany
rtc-bike-share,RTC Bike Share,"Las Vegas, NV",US,36.1438,-115.15682,29,United States
rubis-velo,Rubis'Vélo,Bourg-en-Bresse,FR,46.2056,5.2289,38,France
rva-bikes,RVA Bike Share,"Richmond, VA",US,37.53833,-77.43464,21,United States
rvk,RVK,RVK e-Bike,DE,50.7069,6.87607,48,Germany
saluzzo,Saluzzo,Saluzzo,IT,44.6445404,7.492735499999999,9,Italy
sanantonio,SWell Cycle,"San Antonio, TX",US,29.43701,-98.48236,14,United States
santa-barbara,Santa Barbara BCycle,"Santa Barbara, CA",US,34.42178,-119.7001,87,United States
santa-cruz,Santa Cruz BCycle,"Santa Cruz, CA",US,36.97484,-122.0277,94,United States
santana,Sântana Velo,Sântana,RO,46.3461,21.5064,8,Romania
santander-brunel,Santander Cycles - Brunel,Brunel University,GB,51.5463,-0.48048,9,United Kingdom
santander-cycles,Santander Cycles,London,GB,51.51121389999999,-0.1198244,800,United Kingdom
santander-cycles-mk-milton-keynes,Santander Cycles MK,Milton Keynes,GB,52.0406,-0.759417,48,United Kingdom
santander-cycles-swansea-swansea-university,Santander Cycles,Swansea,GB,51.6106,-3.9764,7,United Kingdom
santander-monchengladbach,Santander Mönchengladbach,Mönchengladbach,DE,51.1817,6.43578,48,Germany
sap-walldorf,SAP Walldorf,Walldorf,DE,49.2945,8.62324,18,Germany
saturn,Saturn,Saturn,RO,43.82,28.7445,2,Romania
savigliano,Savigliano,Savigliano,IT,44.6470327,7.662463499999999,14,Italy
savona,Savona,Savona,IT,44.29516444397244,8.463126708984431,7,Italy
scegli-in-bici,Scegli in Bici,Cremona,IT,45.134914104864116,10.0222648619018,11,Italy
sellero,Sellero,Sellero,IT,46.06304765446406,10.353434085845947,2,Italy
semo,semo,Communauté d'agglomération Seine-Eure,FR,49.22,1.17,31,France
senica-bajk,SENICA BAJK,Senica,SK,48.676,17.3642,25,Slovakia
seoul-bike,Seoul Bike 따릉이,Seoul,KR,37.5664,126.9785,2724,"Korea, Republic of"
sevici,Sevici,Sevilla,ES,37.3880961,-5.9823299,254,Spain
shymkentbike,Shymkentbike,Shymkent,KZ,42.3184,69.5978,24,Kazakhstan
sibiu,Sibiu Bike Share,Sibiu,RO,45.7963,24.1518,57,Romania
sitycleta-las-palmas-las-palmas-de-gran-canaria,Sitycleta,Las Palmas de Gran Canaria,ES,28.1236,-15.4366,61,Spain
sixt-riga,SiXT,Rīga,LV,56.9453,24.1033,42,Latvia
ski-rower-chelm,Chełmski Rower,Chełm,PL,51.1318,23.4755,17,Poland
skrova-bike,Skrova Bysykkel,Skrova,NO,68.1669,14.6611,1,Norway
slatina-velo-city,Slatina Velo City,Slatina,RO,44.4299,24.3716,5,Romania
slovnaft-bajk,Slovnaft BAjk,Bratislava,SK,48.1514,17.1056,103,Slovakia
sobi-hamilton,SoBi,"Hamilton, ON",CA,43.25643601915583,-79.86929655075073,191,Canada
sobi-long-beach,SoBi,"Long Beach, CA",US,33.76897,-118.19164,101,United States
sondrio,Sondrio,Sondrio,IT,46.1698583,9.8787674,4,Italy
speziainbici,Speziainbici,La Spezia,IT,44.1024504,9.824082599999999,22,Italy
sprintrad,sprintRAD,Hannover,DE,52.3721,9.73569,96,Germany
sprottenflotte-kiel,Sprottenflotte,Kiel,DE,54.2837,10.13213,210,Germany
stadtrad-hamburg-db,StadtRAD Hamburg,Hamburg,DE,53.550308,10.00063,331,Germany
stadtrad-innsbruck,Stadtrad,Innsbruck,AT,47.2632,11.3961,52,Austria
stadtrad-lueneburg,StadtRAD Lüneburg,Lüneburg,DE,53.248697,10.407776,30,Germany
stadtrad-stuttgart,RegioRadStuttgart,Stuttgart,DE,48.778147,9.1801512,228,Germany
stari-grad-hvar,Hvar,Stari Grad,HR,43.1841,16.5886,2,Croatia
styr-staell-goeteborg,"Styr & Ställ (Sweden, Göteborg)",Göteborg,SE,57.6902,11.9881,135,Sweden
summit-bike-share,Summit Bike Share,"Park City, UT",US,40.6474,-111.4981,24,United States
swa-rad-augsburg,SWA Rad,Augsburg,DE,48.3647,10.8916,94,Germany
system-roweru-gminnego-pielgrzymka,System Roweru Gminnego Poland,Pielgrzymka,PL,51.1185,15.8153,4,Poland
tallinja-bike,Tallinja Bike,Valletta - Malta - Gozo,MT,35.8992,14.5141,13,Malta
tanlib,Vélo tanlib,Niort,FR,46.3258,-0.4606,38,France
tashu,Tashu,대전 (Daejeon),KR,36.349,127.3848,1283,"Korea, Republic of"
telofun,Tel-O-Fun,"Tel Aviv-Yaffo, Giv'atayim, Ramat-Gan",IL,32.087053,34.789776,328,Israel
tembici-bogota,Tembici,Bogotá,CO,4.6569,-74.0656,293,Colombia
tempo-velo,Tempo Vélo,Agen,FR,44.2049,0.6212,16,France
terni,Terni,Terni,IT,42.5636168,12.6426604,19,Italy
thessbike,ThessBike,Thessaloniki,GR,40.6403167,22.9352716,5,Greece
thun,Donkey Republic Thun,Thun,CH,46.7576,7.6287,36,Switzerland
ti-velo,Ti Vélo,Landernau,FR,48.4512,-4.2551,14,France
tigullionbike,Tigullionbike,Sestri Levante - Lavagna,IT,44.272554,9.395714,8,Italy
tirano-in-bici,Tirano in Bici,Tirano,IT,46.216168,10.1696056,5,Italy
tlp-velo,Tarbes et Lourdes vls,"Tarbes, Lourdes",FR,43.23,0.07,13,France
torrentbici,TorrentBici,Torrent,ES,39.4319,-0.473,20,Spain
torvelo,Torvelo,Toruń,PL,53.0138,18.5984,2,Poland
toyama-cyclocity,cyclocity,富山市,JP,36.6959518,137.2136768,23,Japan
tradate,Tradate,Tradate,IT,45.70938576720161,8.915993391601548,6,Italy
treviso,Treviso,Treviso,IT,45.6669011,12.243039,31,Italy
trofinetes,Trofinetes,Trofa,PT,41.3436,-8.553,17,Portugal
trondheim-bysykkel,Bysykkel,Trondheim,NO,63.4307238,10.3936781,67,Norway
tuebici,TUeBICI,Santander,ES,43.46230569999999,-3.8099803,38,Spain
tugo-bike-share,Tugo Bike Share,"Tucson, AZ",US,32.2225,-110.9749,41,United States
twisto-velo,Twisto vélo,Caen,FR,49.1813403,-0.3635615,57,France
tychowski-rower-miejski,Tychowski Rower Miejski,Tychowo,PL,53.9288,16.2568,2,Poland
udine,Udine,Udine,IT,46.0710668,13.2345794,24,Italy
ugento,Ugento,Ugento,IT,39.9273518,18.1582962,6,Italy
usedomrad-usedom,UsedomRad,Usedom,DE,53.9779,13.9925,98,Germany
ustica,Ustica,Ustica,IT,38.7031179,13.1682675,4,Italy
v3-bordeaux,V³,Bordeaux,FR,44.837789,-0.57918,194,France
vagrad,VAG_Rad,Nürnberg,DE,49.4487,11.0794,64,Germany
vaibike,VaiBike,Vilagarcía de Arousa,ES,42.5954,-8.7659,16,Spain
valenbisi,Valenbisi,Valencia,ES,39.4699075,-0.3762881,276,Spain
valentine,Valentine BCycle,"Valentine, NE",US,42.8747,-100.5511,1,United States
vel-in,Vél'in,Calais,FR,50.95,1.85,76,France
velam,Vélam,Amiens,FR,49.894067,2.295753,27,France
velectin,Velect’in,Calais,FR,50.948056,1.856389,9,France
velhop,Vélhop,Strasbourg,FR,48.583611,7.748056,35,France
velib,Vélib' Métropole,Paris,FR,48.856614,2.3522219,1462,France
velibeo,Vélibéo,Brive-la-Gaillarde,FR,45.1583,1.5321,19,France
velitul,Vélitul,Laval,FR,48.0706687,-0.7734022,6,France
velivert,VéliVert,Saint-Étienne,FR,45.396667,4.290833,99,France
velo,Vélô,Toulouse,FR,43.604652,1.444209,380,France
velo-antwerpen,Velo Antwerpen,Antwerpen,BE,51.216667,4.4,316,Belgium
velo-baulois,Le Vélo Baulois,La Baule-Escoublac,FR,47.2867,-2.3908,14,France
velo2,Velo2,Cergy,FR,49.03561699999999,2.060325,44,France
velobaie,VeloBaie,Saint-Brieuc,FR,48.514,-2.765,4,France
velobike,Velobike,Astana,KZ,51.166667,71.416667,149,Kazakhstan
velobike-moscow,Velobike,Moscow,RU,55.75,37.616667,778,Russian Federation
velobike-murmansk,Velobike,Murmansk,RU,68.968,33.074,10,Russian Federation
velobike-nizhniy-novgorod,Velobike,Nizhniy Novgorod,RU,56.194,44.003,12,Russian Federation
velocite-besancon,VéloCité,Besançon,FR,47.237829,6.024053899999999,28,France
velocite-laon,Vélo'Cité,Laon,FR,49.5639,3.6244,18,France
velocite-mulhouse,VéloCité,Mulhouse,FR,47.750839,7.335888,1,France
velodaqui,Vélos d’Aquí,Argelès-sur-Mer,FR,42.5449,3.0235,6,France
veloh,Veloh,Luxembourg,LU,49.6301025,6.1520185,147,Luxembourg
velok,Vël'Ok,Esch-sur-alzette,LU,49.5024,5.9722,139,Luxembourg
velomagg,Vélomagg,Montpellier,FR,43.6119,3.8772,54,France
velomat,Vélo MAT,Saint-Malo,FR,48.64,-2.0,19,France
velomodalis,Vélo Modalis,Ligne TER Royan - Angoulême,FR,45.7,-0.33,37,France
velopark-drobeta,Drobeta Velopark,Drobeta,RO,44.6326,22.6564,1,Romania
velopartage-geneve,VéloPartage,Genève,CH,46.2021,6.1457,581,Switzerland
veloplus-velotao,Vélo+/VéloTAO,Orléans,FR,47.9027336,1.9086066,36,France
velopop,Vélopop,Avignon,FR,43.943689,4.805833,28,France
velostanlib,vélOstan'lib,Nancy,FR,48.692054,6.184417,37,France
velov,Vélo'V,Lyon,FR,45.764043,4.835659,417,France
velozef,VéloZef,Brest,FR,48.3905,-4.48732,29,France
velyceo,vélYcéo,Saint-Nazaire,FR,47.2806,-2.2086,5,France
venezia,Venezia,Venezia,IT,45.4408474,12.3155151,19,Italy
vercelli,Vercelli,Vercelli,IT,45.32022720000001,8.418573499999999,5,Italy
verdeciclos,VerdeCiclos,Caldas de Reis,ES,42.6041,-8.6419,1,Spain
veturilo-nextbike-warsaw,VETURILO 3.0,Warsaw,PL,52.2581,20.9949,337,Poland
via-velo,VIA Vélo,Val d'Ille-Aubigné,FR,48.2181,-1.6947,7,France
villo,villo,Bruxelles,BE,50.8503396,4.3517103,348,Belgium
vilnius-cyclocity,Cyclocity,Vilnius,LT,54.6871555,25.2796514,35,Lithuania
vilvolt,Vilvolt,Epinal,FR,48.1833,6.4508,77,France
visa-frankfurt,VISA,Frankfurt,DE,50.1072,8.66375,253,Germany
vitelinhas,Vitelinhas,Fafe,PT,41.4513,-8.1728,3,Portugal
vlille,V'Lille,Lille,FR,50.62925,3.057256,302,France
vrn-bensheim,VRN,Bensheim,DE,49.6803,8.6189,11,Germany
vrn-burstadt,VRN,Bürstadt,DE,49.6461,8.44917,10,Germany
vrn-eppelheim,VRN,Eppelheim,DE,49.4025,8.6331,3,Germany
vrn-heidelberg,VRN,Heidelberg,DE,49.4023,8.67577,58,Germany
vrn-heppenheim,VRN,Heppenheim,DE,49.6431,8.63889,16,Germany
vrn-kaiserslautern,VRN,Kaiserslautern,DE,49.4413,7.75566,29,Germany
vrn-landau,VRN,Landau in der Pfalz,DE,49.1975,8.11693,14,Germany
vrn-ludwigshafen,VRN,Ludwigshafen,DE,49.4741,8.43287,53,Germany
vrn-mannheim,VRN,Mannheim,DE,49.4869,8.45638,102,Germany
vrn-schwetzingen,VRN,Schwetzingen,DE,49.3863,8.5756,14,Germany
vrn-speyer,VRN,Speyer,DE,49.3126,8.45295,12,Germany
vrn-weinheim,VRN,Weinheim,DE,49.545,8.66027,15,Germany
vrn-worms,VRN,Worms,DE,49.6394,8.34618,12,Germany
vvtregiorad-ellmau,VVT REGIORAD Tirol,Ellmau,AT,47.5134,12.3025,3,Austria
vvtregiorad-kufstein,VVT REGIORAD Tirol,Kufstein,AT,47.583,12.1692,22,Austria
waterford,TFI Bikes,Waterford,IE,52.2475049,-7.1130299,14,Ireland
we-cycle,WE-cycle,"Aspen, CO",US,39.194951,-106.837002,88,United States
we-love-bike,We Love bike,Lodi,IT,45.3097228,9.503715999999999,1,Italy
westbike-erkelenz,westBike,Erkelenz,DE,51.0753,6.31233,4,Germany
westbike-geilenkirchen,westBike,Geilenkirchen,DE,50.9671,6.11886,4,Germany
westbike-heinsberg,westBike,Heinsberg,DE,51.0597,6.11849,4,Germany
westbike-hueckelhoven,westBike,Hückelhoven,DE,51.0529,6.21933,4,Germany
westbike-wegberg,westBike,Wegberg,DE,51.1427,6.2813,4,Germany
westcargo-bath,WESTcargo Bath,Bath,GB,51.3814,-2.35519,3,United Kingdom
westcargo-bristol,WESTcargo Bristol,Bristol,GB,51.4587,-2.57355,1,United Kingdom
whitebikes,WhiteBikes,Bratislava,SK,48.149424,17.113922,121,Slovakia
wienmobil-rad,WienMobil Rad,Wien,AT,48.2081743,16.3738189,254,Austria
winsenrad,WinsenRad,Winsen (Luhe),DE,53.3547,10.2067,21,Germany
wk-bike-bremen-bremen,WK-Bike,Bremen,DE,53.0781,8.80132,64,Germany
wolf-ride-bike-share,Wolf Ride Bike Share (Stony Brook University),Stony Brook,US,40.9124,-73.1249,14,United States
wrm-wroclaw,WRM,Wrocław,PL,51.1097,17.0485,242,Poland
wupsi,wupsiRad Leverkusen,Leverkusen,DE,51.0732,7.00814,116,Germany
xian-public-bicycle,Xi'an Public Bicycle,西安 (Xi'an),CN,34.2688,108.9458,1670,China
yelo-velo,Yélo Vélo,La Rochelle,FR,46.1591,-1.1509,134,France
youbike-chiayi-city,YouBike,台灣 Chiayi City,TW,23.4797,120.4397,196,"Taiwan, Province of China"
youbike-hsinchu-city,YouBike,新竹市 Hsinchu City,TW,24.8018,120.9714,104,"Taiwan, Province of China"
youbike-hsinchu-county,YouBike,新竹縣 Hsinchu County,TW,24.8269,121.0129,164,"Taiwan, Province of China"
youbike-hsinchu-science-park,YouBike,新竹科學工業園區 Hsinchu Science Park,TW,24.7818,121.005,41,"Taiwan, Province of China"
youbike-kaohsiung-city,YouBike,高雄市 Kaohsiung City,TW,22.6314,120.3018,1415,"Taiwan, Province of China"
youbike-miaoli-county,YouBike,台灣 Miaoli County,TW,24.5648,120.8185,187,"Taiwan, Province of China"
youbike-new-taipei,YouBike,新北市 New Taipei,TW,25.0169826,121.4627868,1416,"Taiwan, Province of China"
youbike-pingtung-county,YouBike,屏東縣 Pingtung County,TW,22.683,120.4879,138,"Taiwan, Province of China"
youbike-putian-city,YouBike,莆田市 (Putian City),CN,25.4504,119.0126,966,China
youbike-taichung,YouBike,臺中市 Taichung City,TW,24.1477358,120.6736482,1565,"Taiwan, Province of China"
youbike-tainan-city,YouBike,臺南市 Tainan City,TW,22.9923,120.185,585,"Taiwan, Province of China"
youbike-taipei,YouBike,台北市 Taipei City,TW,25.0329636,121.5654268,1569,"Taiwan, Province of China"
youbike-taoyuan,YouBike,桃園市 Taoyuan City,TW,24.9936281,121.3009798,542,"Taiwan, Province of China"
yoy-san-luis-potosi,YOY - San Luis Potosi,San Luis Potosi,MX,22.438,-100.514,16,Mexico
yoy-san-luis-potosi-cancun,YOY - San Luis Potosi,Cancún,MX,21.1675,-86.8498,7,Mexico
yverdon-les-bains,Donkey Republic Yverdon-les-Bains,Yverdon-les-Bains,CH,46.7788,6.6414,81,Switzerland
zebullo,ZébullO,Reims,FR,49.2628,4.0347,63,France
zena-by-bike,Zena By Bike,Genova,IT,44.40430089372731,8.92908986230462,14,Italy
zoov-paris-sud,Zoov,Paris Sud,FR,48.7429,2.238,48,France
